{
    "a-m": {
        "R": [
            [
                -0.20855254051876648,
                0.12752252754319068,
                0.969661715657664
            ],
            [
                -0.41833645992042134,
                0.8845524811025554,
                -0.20630442185412085
            ],
            [
                -0.8840251377333214,
                -0.4486701607465216,
                -0.13112834442359333
            ]
        ],
        "T": [
            [
                -0.7757433988901367
            ],
            [
                0.36337888279825437
            ],
            [
                0.5432761846346805
            ]
        ]
    }
}