{
    "a-m": {
        "R": [
            [
                0.8631112012691989,
                0.18771241240548775,
                0.468831637661701
            ],
            [
                -0.16818916123313332,
                0.982201345579051,
                -0.08362369751689189
            ],
            [
                -0.4761842713565154,
                -0.006675849879501074,
                0.8793201764664853
            ]
        ],
        "T": [
            [
                -0.5480347252635304
            ],
            [
                0.08908750504348388
            ],
            [
                0.2390044288244217
            ]
        ]
    }
}