{
    "a-m": {
        "R": [
            [
                0.9999999813959519,
                -5.953602503324893e-05,
                -0.00018347631360099206
            ],
            [
                5.963707397144423e-05,
                0.9999998465367463,
                0.0005507902535920195
            ],
            [
                0.00018344349358179405,
                -0.0005508011853355774,
                0.9999998314832553
            ]
        ],
        "T": [
            [
                0.00011118976703063021
            ],
            [
                -9.32906611161318e-05
            ],
            [
                4.8122340521780835e-05
            ]
        ]
    }
}